{
    "lstm": {
        "accuracy": 0.755,
        "precision": 0.570025,
        "recall": 0.755,
        "f1": 0.6496011396011396
    }
}