{
    "logistic_regression": {
        "accuracy": 0.64,
        "precision": 0.7261790281329924,
        "recall": 0.6399999999999999,
        "f1": 0.6639973066995847
    },
    "lstm": {
        "accuracy": 0.755,
        "precision": 0.570025,
        "recall": 0.755,
        "f1": 0.6496011396011396
    },
    "cnn": {
        "accuracy": 0.8,
        "precision": 0.7885332059245103,
        "recall": 0.8,
        "f1": 0.7918414918414918
    },
    "cnn_lstm": {
        "accuracy": 0.755,
        "precision": 0.570025,
        "recall": 0.755,
        "f1": 0.6496011396011396
    }
}