{
    "lstm": {
        "accuracy": 0.755,
        "precision": 0.570025,
        "recall": 0.755,
        "f1": 0.6496011396011396
    },
    "cnn": {
        "accuracy": 0.83,
        "precision": 0.8407298633323641,
        "recall": 0.83,
        "f1": 0.8001807228915662
    },
    "cnn_lstm": {
        "accuracy": 0.755,
        "precision": 0.570025,
        "recall": 0.755,
        "f1": 0.6496011396011396
    }
}